<?xml version="1.0" encoding="UTF-8"?>
<metadata xml:lang="en"><Esri><CreaDate>20190423</CreaDate><CreaTime>08115400</CreaTime><ArcGISFormat>1.0</ArcGISFormat><SyncOnce>FALSE</SyncOnce><DataProperties><lineage><Process ToolSource="c:\program files (x86)\arcgis\desktop10.6\ArcToolbox\Toolboxes\Data Management Tools.tbx\Project" Date="20180923" Time="174056">Project yuchi_burrow000 C:\Users\heg08492.MYID\Documents\ArcGIS\Default.gdb\yuchi_burrow000_Project PROJCS['NAD_1983_UTM_Zone_17N',GEOGCS['GCS_North_American_1983',DATUM['D_North_American_1983',SPHEROID['GRS_1980',6378137.0,298.257222101]],PRIMEM['Greenwich',0.0],UNIT['Degree',0.0174532925199433]],PROJECTION['Transverse_Mercator'],PARAMETER['False_Easting',500000.0],PARAMETER['False_Northing',0.0],PARAMETER['Central_Meridian',-81.0],PARAMETER['Scale_Factor',0.9996],PARAMETER['Latitude_Of_Origin',0.0],UNIT['Meter',1.0]] WGS_1984_(ITRF00)_To_NAD_1983 GEOGCS['GCS_WGS_1984',DATUM['D_WGS_1984',SPHEROID['WGS_1984',6378137.0,298.257223563]],PRIMEM['Greenwich',0.0],UNIT['Degree',0.0174532925199433]] NO_PRESERVE_SHAPE # NO_VERTICAL</Process><Process ToolSource="c:\program files (x86)\arcgis\desktop10.6\ArcToolbox\Toolboxes\Data Management Tools.tbx\Merge" Date="20180923" Time="174152">Merge yuchi_burrow000_Project;'yuchi3_tort_burrows selection' "C:\Users\heg08492.MYID\Desktop\Summer_2018\New File Geodatabase.gdb\Yuch_Burrs_sept2018" "activity "activity" true true false 254 Text 0 0 ,First,#,yuchi_burrow000_Project,activity,-1,-1,yuchi3_tort_burrows selection,ACTIVITY,-1,-1;diameter "diameter" true true false 8 Double 0 0 ,First,#,yuchi_burrow000_Project,diameter,-1,-1,yuchi3_tort_burrows selection,DIAMETER,-1,-1;scoped "scoped" true true false 254 Text 0 0 ,First,#,yuchi_burrow000_Project,scoped,-1,-1,yuchi3_tort_burrows selection,SCOPED,-1,-1;occ "occ" true true false 254 Text 0 0 ,First,#,yuchi_burrow000_Project,occ,-1,-1;obs "obs" true true false 254 Text 0 0 ,First,#,yuchi_burrow000_Project,obs,-1,-1;DDLat "DDLat" true true false 8 Double 0 0 ,First,#,yuchi_burrow000_Project,DDLat,-1,-1;DDLong "DDLong" true true false 8 Double 0 0 ,First,#,yuchi_burrow000_Project,DDLong,-1,-1;GPSWeek "GPSWeek" true true false 8 Double 0 0 ,First,#,yuchi_burrow000_Project,GPSWeek,-1,-1;GPSTime "GPSTime" true true false 254 Text 0 0 ,First,#,yuchi_burrow000_Project,GPSTime,-1,-1;VertAngle "VertAngle" true true false 8 Double 0 0 ,First,#,yuchi_burrow000_Project,VertAngle,-1,-1;Azimuth "Azimuth" true true false 8 Double 0 0 ,First,#,yuchi_burrow000_Project,Azimuth,-1,-1;PointName "PointName" true true false 21 Text 0 0 ,First,#,yuchi_burrow000_Project,PointName,-1,-1;PointNum "PointNum" true true false 4 Long 0 0 ,First,#,yuchi_burrow000_Project,PointNum,-1,-1;FeatNum "FeatNum" true true false 4 Long 0 0 ,First,#,yuchi_burrow000_Project,FeatNum,-1,-1;Time "Time" true true false 19 Text 0 0 ,First,#,yuchi_burrow000_Project,Time,-1,-1,yuchi3_tort_burrows selection,TIME,-1,-1;Source_Ctr "Source_Ctr" true true false 2 Short 0 0 ,First,#,yuchi_burrow000_Project,Source_Ctr,-1,-1;Latitude "Latitude" true true false 8 Double 0 0 ,First,#,yuchi_burrow000_Project,Latitude,-1,-1;Longitude "Longitude" true true false 8 Double 0 0 ,First,#,yuchi_burrow000_Project,Longitude,-1,-1;Height "Height" true true false 8 Double 0 0 ,First,#,yuchi_burrow000_Project,Height,-1,-1;Northing "Northing" true true false 8 Double 0 0 ,First,#,yuchi_burrow000_Project,Northing,-1,-1;Easting "Easting" true true false 8 Double 0 0 ,First,#,yuchi_burrow000_Project,Easting,-1,-1;Elevation "Elevation" true true false 8 Double 0 0 ,First,#,yuchi_burrow000_Project,Elevation,-1,-1;TORTOISE "TORTOISE" true true false 1 Text 0 0 ,First,#,yuchi3_tort_burrows selection,TORTOISE,-1,-1;NOTES "NOTES" true true false 100 Text 0 0 ,First,#,yuchi3_tort_burrows selection,NOTES,-1,-1;DATE_ "DATE_" true true false 8 Date 0 0 ,First,#,yuchi3_tort_burrows selection,DATE_,-1,-1;START_STOP "START_STOP" true true false 1 Text 0 0 ,First,#,yuchi3_tort_burrows selection,START_STOP,-1,-1"</Process><Process ToolSource="c:\program files (x86)\arcgis\desktop10.6\ArcToolbox\Toolboxes\Data Management Tools.tbx\CalculateField" Date="20180923" Time="182633">CalculateField Yuch_Burrs_sept2018 NOTES box VB #</Process><Process ToolSource="c:\program files (x86)\arcgis\desktop10.6\ArcToolbox\Toolboxes\Data Management Tools.tbx\CalculateField" Date="20180923" Time="182655">CalculateField Yuch_Burrs_sept2018 box box VB #</Process><Process ToolSource="c:\program files (x86)\arcgis\desktop10.6\ArcToolbox\Toolboxes\Data Management Tools.tbx\CalculateField" Date="20180923" Time="182720">CalculateField Yuch_Burrs_sept2018 box box VB #</Process><Process ToolSource="c:\program files (x86)\arcgis\desktop10.6\ArcToolbox\Toolboxes\Data Management Tools.tbx\CalculateField" Date="20180923" Time="182745">CalculateField Yuch_Burrs_sept2018 box 1 VB #</Process><Process ToolSource="c:\program files (x86)\arcgis\desktop10.6\ArcToolbox\Toolboxes\Analysis Tools.tbx\Near" Date="20180923" Time="183946">Near Yuch_Burrs_sept2018 Yuchi_sept2018 # NO_LOCATION NO_ANGLE PLANAR</Process><Process ToolSource="c:\program files (x86)\arcgis\desktop10.6\ArcToolbox\Toolboxes\Data Management Tools.tbx\CalculateField" Date="20190422" Time="073848">CalculateField Yuchi_burrs_sept2018 Survey "Yuchi" VB #</Process><Process ToolSource="c:\program files (x86)\arcgis\desktop10.6\ArcToolbox\Toolboxes\Data Management Tools.tbx\Merge" Date="20190422" Time="081944">Merge Yuchi_burrs_sept2018;Merged_Burrows_Original C:\Users\heg08492.MYID\Documents\ArcGIS\Default.gdb\Yuchi_burrs_sept2018_Merge "OBJECTID "OBJECTID" true true false 10 Long 0 10 ,First,#,Yuchi_burrs_sept2018,OBJECTID,-1,-1;activity "activity" true true false 254 Text 0 0 ,First,#,Yuchi_burrs_sept2018,activity,-1,-1,Merged_Burrows_Original,ACTIVITY,-1,-1;diameter "diameter" true true false 19 Double 0 0 ,First,#,Yuchi_burrs_sept2018,diameter,-1,-1,Merged_Burrows_Original,DIAMETER,-1,-1;scoped "scoped" true true false 254 Text 0 0 ,First,#,Yuchi_burrs_sept2018,scoped,-1,-1,Merged_Burrows_Original,scoped,-1,-1;occ "occ" true true false 254 Text 0 0 ,First,#,Yuchi_burrs_sept2018,occ,-1,-1,Merged_Burrows_Original,occ,-1,-1;obs "obs" true true false 254 Text 0 0 ,First,#,Yuchi_burrs_sept2018,obs,-1,-1,Merged_Burrows_Original,obs,-1,-1;Azimuth "Azimuth" true true false 19 Double 0 0 ,First,#,Yuchi_burrs_sept2018,Azimuth,-1,-1,Merged_Burrows_Original,Azimuth,-1,-1;PointName "PointName" true true false 21 Text 0 0 ,First,#,Yuchi_burrs_sept2018,PointName,-1,-1,Merged_Burrows_Original,PointName,-1,-1;PointNum "PointNum" true true false 10 Long 0 10 ,First,#,Yuchi_burrs_sept2018,PointNum,-1,-1,Merged_Burrows_Original,PointNum,-1,-1;FeatNum "FeatNum" true true false 10 Long 0 10 ,First,#,Yuchi_burrs_sept2018,FeatNum,-1,-1,Merged_Burrows_Original,FeatNum,-1,-1;Time "Time" true true false 19 Text 0 0 ,First,#,Yuchi_burrs_sept2018,Time,-1,-1,Merged_Burrows_Original,Time,-1,-1;Source_Ctr "Source_Ctr" true true false 5 Long 0 5 ,First,#,Yuchi_burrs_sept2018,Source_Ctr,-1,-1,Merged_Burrows_Original,Source_Ctr,-1,-1;Latitude "Latitude" true true false 19 Double 0 0 ,First,#,Yuchi_burrs_sept2018,Latitude,-1,-1,Merged_Burrows_Original,Latitude,-1,-1;Longitude "Longitude" true true false 19 Double 0 0 ,First,#,Yuchi_burrs_sept2018,Longitude,-1,-1,Merged_Burrows_Original,Longitude,-1,-1;Height "Height" true true false 19 Double 0 0 ,First,#,Yuchi_burrs_sept2018,Height,-1,-1,Merged_Burrows_Original,Height,-1,-1;Northing "Northing" true true false 19 Double 0 0 ,First,#,Yuchi_burrs_sept2018,Northing,-1,-1,Merged_Burrows_Original,Northing,-1,-1;Easting "Easting" true true false 19 Double 0 0 ,First,#,Yuchi_burrs_sept2018,Easting,-1,-1,Merged_Burrows_Original,Easting,-1,-1;box "box" true true false 50 Text 0 0 ,First,#,Yuchi_burrs_sept2018,box,-1,-1;NEAR_FID "NEAR_FID" true true false 10 Long 0 10 ,First,#,Yuchi_burrs_sept2018,NEAR_FID,-1,-1,Merged_Burrows_Original,NEAR_FID,-1,-1;NEAR_DIST "NEAR_DIST" true true false 19 Double 0 0 ,First,#,Yuchi_burrs_sept2018,NEAR_DIST,-1,-1,Merged_Burrows_Original,NEAR_DIST,-1,-1;Survey "Survey" true true false 50 Text 0 0 ,First,#,Yuchi_burrs_sept2018,Survey,-1,-1,Merged_Burrows_Original,Survey,-1,-1;NOTES "NOTES" true true false 100 Text 0 0 ,First,#,Merged_Burrows_Original,NOTES,-1,-1;DDLat "DDLat" true true false 19 Double 0 0 ,First,#,Merged_Burrows_Original,DDLat,-1,-1;DDLong "DDLong" true true false 19 Double 0 0 ,First,#,Merged_Burrows_Original,DDLong,-1,-1;RASTERVALU "RASTERVALU" true true false 19 Double 0 0 ,First,#,Merged_Burrows_Original,RASTERVALU,-1,-1;GPSWeek "GPSWeek" true true false 19 Double 0 0 ,First,#,Merged_Burrows_Original,GPSWeek,-1,-1;GPSTime "GPSTime" true true false 254 Text 0 0 ,First,#,Merged_Burrows_Original,GPSTime,-1,-1;VertAngle "VertAngle" true true false 19 Double 0 0 ,First,#,Merged_Burrows_Original,VertAngle,-1,-1;Elevation "Elevation" true true false 19 Double 0 0 ,First,#,Merged_Burrows_Original,Elevation,-1,-1;BB "BB" true true false 50 Text 0 0 ,First,#,Merged_Burrows_Original,BB,-1,-1"</Process></lineage><itemProps><itemName Sync="TRUE">Yuchi_burrs_sept2018_Merge</itemName><imsContentType Sync="TRUE">002</imsContentType><itemLocation><linkage Sync="TRUE">file://\\FOR-3-422C\C$\Users\heg08492.MYID\Documents\ArcGIS\Default.gdb</linkage><protocol Sync="TRUE">Local Area Network</protocol></itemLocation></itemProps><coordRef><type Sync="TRUE">Projected</type><geogcsn Sync="TRUE">GCS_North_American_1983</geogcsn><csUnits Sync="TRUE">Linear Unit: Meter (1.000000)</csUnits><projcsn Sync="TRUE">NAD_1983_UTM_Zone_17N</projcsn><peXml Sync="TRUE">&lt;ProjectedCoordinateSystem xsi:type='typens:ProjectedCoordinateSystem' xmlns:xsi='http://www.w3.org/2001/XMLSchema-instance' xmlns:xs='http://www.w3.org/2001/XMLSchema' xmlns:typens='http://www.esri.com/schemas/ArcGIS/10.6'&gt;&lt;WKT&gt;PROJCS[&amp;quot;NAD_1983_UTM_Zone_17N&amp;quot;,GEOGCS[&amp;quot;GCS_North_American_1983&amp;quot;,DATUM[&amp;quot;D_North_American_1983&amp;quot;,SPHEROID[&amp;quot;GRS_1980&amp;quot;,6378137.0,298.257222101]],PRIMEM[&amp;quot;Greenwich&amp;quot;,0.0],UNIT[&amp;quot;Degree&amp;quot;,0.0174532925199433]],PROJECTION[&amp;quot;Transverse_Mercator&amp;quot;],PARAMETER[&amp;quot;False_Easting&amp;quot;,500000.0],PARAMETER[&amp;quot;False_Northing&amp;quot;,0.0],PARAMETER[&amp;quot;Central_Meridian&amp;quot;,-81.0],PARAMETER[&amp;quot;Scale_Factor&amp;quot;,0.9996],PARAMETER[&amp;quot;Latitude_Of_Origin&amp;quot;,0.0],UNIT[&amp;quot;Meter&amp;quot;,1.0],AUTHORITY[&amp;quot;EPSG&amp;quot;,26917]]&lt;/WKT&gt;&lt;XOrigin&gt;-5120900&lt;/XOrigin&gt;&lt;YOrigin&gt;-9998100&lt;/YOrigin&gt;&lt;XYScale&gt;10000&lt;/XYScale&gt;&lt;ZOrigin&gt;-100000&lt;/ZOrigin&gt;&lt;ZScale&gt;10000&lt;/ZScale&gt;&lt;MOrigin&gt;-100000&lt;/MOrigin&gt;&lt;MScale&gt;10000&lt;/MScale&gt;&lt;XYTolerance&gt;0.001&lt;/XYTolerance&gt;&lt;ZTolerance&gt;0.001&lt;/ZTolerance&gt;&lt;MTolerance&gt;0.001&lt;/MTolerance&gt;&lt;HighPrecision&gt;true&lt;/HighPrecision&gt;&lt;WKID&gt;26917&lt;/WKID&gt;&lt;LatestWKID&gt;26917&lt;/LatestWKID&gt;&lt;/ProjectedCoordinateSystem&gt;</peXml></coordRef></DataProperties><SyncDate>20190422</SyncDate><SyncTime>08194200</SyncTime><ModDate>20190422</ModDate><ModTime>08194200</ModTime></Esri><dataIdInfo><envirDesc Sync="TRUE"> Version 6.2 (Build 9200) ; Esri ArcGIS 10.6.1.9270</envirDesc><dataLang><languageCode value="eng" Sync="TRUE"></languageCode><countryCode value="USA" Sync="TRUE"></countryCode></dataLang><idCitation><resTitle Sync="TRUE">Yuchi_burrs_sept2018_Merge</resTitle><presForm><PresFormCd value="005" Sync="TRUE"></PresFormCd></presForm></idCitation><spatRpType><SpatRepTypCd value="001" Sync="TRUE"></SpatRepTypCd></spatRpType></dataIdInfo><mdLang><languageCode value="eng" Sync="TRUE"></languageCode><countryCode value="USA" Sync="TRUE"></countryCode></mdLang><distInfo><distFormat><formatName Sync="TRUE">File Geodatabase Feature Class</formatName></distFormat></distInfo><mdHrLv><ScopeCd value="005" Sync="TRUE"></ScopeCd></mdHrLv><mdHrLvName Sync="TRUE">dataset</mdHrLvName><refSysInfo><RefSystem><refSysID><identCode code="26917" Sync="TRUE"></identCode><idCodeSpace Sync="TRUE">EPSG</idCodeSpace><idVersion Sync="TRUE">6.13(3.0.1)</idVersion></refSysID></RefSystem></refSysInfo><spatRepInfo><VectSpatRep><geometObjs Name="Yuchi_burrs_sept2018_Merge"><geoObjTyp><GeoObjTypCd value="004" Sync="TRUE"></GeoObjTypCd></geoObjTyp><geoObjCnt Sync="TRUE">0</geoObjCnt></geometObjs><topLvl><TopoLevCd value="001" Sync="TRUE"></TopoLevCd></topLvl></VectSpatRep></spatRepInfo><spdoinfo><ptvctinf><esriterm Name="Yuchi_burrs_sept2018_Merge"><efeatyp Sync="TRUE">Simple</efeatyp><efeageom code="1" Sync="TRUE"></efeageom><esritopo Sync="TRUE">FALSE</esritopo><efeacnt Sync="TRUE">0</efeacnt><spindex Sync="TRUE">TRUE</spindex><linrefer Sync="TRUE">FALSE</linrefer></esriterm></ptvctinf></spdoinfo><eainfo><detailed Name="Yuchi_burrs_sept2018_Merge"><enttyp><enttypl Sync="TRUE">Yuchi_burrs_sept2018_Merge</enttypl><enttypt Sync="TRUE">Feature Class</enttypt><enttypc Sync="TRUE">0</enttypc></enttyp><attr><attrlabl Sync="TRUE">OBJECTID_1</attrlabl><attalias Sync="TRUE">OBJECTID_1</attalias><attrtype Sync="TRUE">OID</attrtype><attwidth Sync="TRUE">4</attwidth><atprecis Sync="TRUE">0</atprecis><attscale Sync="TRUE">0</attscale><attrdef Sync="TRUE">Internal feature number.</attrdef><attrdefs Sync="TRUE">Esri</attrdefs><attrdomv><udom Sync="TRUE">Sequential unique whole numbers that are automatically generated.</udom></attrdomv></attr><attr><attrlabl Sync="TRUE">OBJECTID</attrlabl><attalias Sync="TRUE">OBJECTID</attalias><attrtype Sync="TRUE">Integer</attrtype><attwidth Sync="TRUE">4</attwidth><atprecis Sync="TRUE">0</atprecis><attscale Sync="TRUE">0</attscale><attrdef Sync="TRUE">Internal feature number.</attrdef><attrdefs Sync="TRUE">Esri</attrdefs><attrdomv><udom Sync="TRUE">Sequential unique whole numbers that are automatically generated.</udom></attrdomv></attr><attr><attrlabl Sync="TRUE">Shape</attrlabl><attalias Sync="TRUE">Shape</attalias><attrtype Sync="TRUE">Geometry</attrtype><attwidth Sync="TRUE">0</attwidth><atprecis Sync="TRUE">0</atprecis><attscale Sync="TRUE">0</attscale><attrdef Sync="TRUE">Feature geometry.</attrdef><attrdefs Sync="TRUE">Esri</attrdefs><attrdomv><udom Sync="TRUE">Coordinates defining the features.</udom></attrdomv></attr><attr><attrlabl Sync="TRUE">activity</attrlabl><attalias Sync="TRUE">activity</attalias><attrtype Sync="TRUE">String</attrtype><attwidth Sync="TRUE">254</attwidth><atprecis Sync="TRUE">0</atprecis><attscale Sync="TRUE">0</attscale></attr><attr><attrlabl Sync="TRUE">diameter</attrlabl><attalias Sync="TRUE">diameter</attalias><attrtype Sync="TRUE">Double</attrtype><attwidth Sync="TRUE">8</attwidth><atprecis Sync="TRUE">0</atprecis><attscale Sync="TRUE">0</attscale></attr><attr><attrlabl Sync="TRUE">scoped</attrlabl><attalias Sync="TRUE">scoped</attalias><attrtype Sync="TRUE">String</attrtype><attwidth Sync="TRUE">254</attwidth><atprecis Sync="TRUE">0</atprecis><attscale Sync="TRUE">0</attscale></attr><attr><attrlabl Sync="TRUE">occ</attrlabl><attalias Sync="TRUE">occ</attalias><attrtype Sync="TRUE">String</attrtype><attwidth Sync="TRUE">254</attwidth><atprecis Sync="TRUE">0</atprecis><attscale Sync="TRUE">0</attscale></attr><attr><attrlabl Sync="TRUE">obs</attrlabl><attalias Sync="TRUE">obs</attalias><attrtype Sync="TRUE">String</attrtype><attwidth Sync="TRUE">254</attwidth><atprecis Sync="TRUE">0</atprecis><attscale Sync="TRUE">0</attscale></attr><attr><attrlabl Sync="TRUE">DDLat</attrlabl><attalias Sync="TRUE">DDLat</attalias><attrtype Sync="TRUE">Double</attrtype><attwidth Sync="TRUE">8</attwidth><atprecis Sync="TRUE">0</atprecis><attscale Sync="TRUE">0</attscale></attr><attr><attrlabl Sync="TRUE">DDLong</attrlabl><attalias Sync="TRUE">DDLong</attalias><attrtype Sync="TRUE">Double</attrtype><attwidth Sync="TRUE">8</attwidth><atprecis Sync="TRUE">0</atprecis><attscale Sync="TRUE">0</attscale></attr><attr><attrlabl Sync="TRUE">GPSWeek</attrlabl><attalias Sync="TRUE">GPSWeek</attalias><attrtype Sync="TRUE">Double</attrtype><attwidth Sync="TRUE">8</attwidth><atprecis Sync="TRUE">0</atprecis><attscale Sync="TRUE">0</attscale></attr><attr><attrlabl Sync="TRUE">GPSTime</attrlabl><attalias Sync="TRUE">GPSTime</attalias><attrtype Sync="TRUE">String</attrtype><attwidth Sync="TRUE">254</attwidth><atprecis Sync="TRUE">0</atprecis><attscale Sync="TRUE">0</attscale></attr><attr><attrlabl Sync="TRUE">VertAngle</attrlabl><attalias Sync="TRUE">VertAngle</attalias><attrtype Sync="TRUE">Double</attrtype><attwidth Sync="TRUE">8</attwidth><atprecis Sync="TRUE">0</atprecis><attscale Sync="TRUE">0</attscale></attr><attr><attrlabl Sync="TRUE">Azimuth</attrlabl><attalias Sync="TRUE">Azimuth</attalias><attrtype Sync="TRUE">Double</attrtype><attwidth Sync="TRUE">8</attwidth><atprecis Sync="TRUE">0</atprecis><attscale Sync="TRUE">0</attscale></attr><attr><attrlabl Sync="TRUE">PointName</attrlabl><attalias Sync="TRUE">PointName</attalias><attrtype Sync="TRUE">String</attrtype><attwidth Sync="TRUE">21</attwidth><atprecis Sync="TRUE">0</atprecis><attscale Sync="TRUE">0</attscale></attr><attr><attrlabl Sync="TRUE">PointNum</attrlabl><attalias Sync="TRUE">PointNum</attalias><attrtype Sync="TRUE">Integer</attrtype><attwidth Sync="TRUE">4</attwidth><atprecis Sync="TRUE">0</atprecis><attscale Sync="TRUE">0</attscale></attr><attr><attrlabl Sync="TRUE">FeatNum</attrlabl><attalias Sync="TRUE">FeatNum</attalias><attrtype Sync="TRUE">Integer</attrtype><attwidth Sync="TRUE">4</attwidth><atprecis Sync="TRUE">0</atprecis><attscale Sync="TRUE">0</attscale></attr><attr><attrlabl Sync="TRUE">Time</attrlabl><attalias Sync="TRUE">Time</attalias><attrtype Sync="TRUE">String</attrtype><attwidth Sync="TRUE">19</attwidth><atprecis Sync="TRUE">0</atprecis><attscale Sync="TRUE">0</attscale></attr><attr><attrlabl Sync="TRUE">Source_Ctr</attrlabl><attalias Sync="TRUE">Source_Ctr</attalias><attrtype Sync="TRUE">Integer</attrtype><attwidth Sync="TRUE">4</attwidth><atprecis Sync="TRUE">0</atprecis><attscale Sync="TRUE">0</attscale></attr><attr><attrlabl Sync="TRUE">box</attrlabl><attalias Sync="TRUE">box</attalias><attrtype Sync="TRUE">String</attrtype><attwidth Sync="TRUE">50</attwidth><atprecis Sync="TRUE">0</atprecis><attscale Sync="TRUE">0</attscale></attr><attr><attrlabl Sync="TRUE">NEAR_FID</attrlabl><attalias Sync="TRUE">NEAR_FID</attalias><attrtype Sync="TRUE">Integer</attrtype><attwidth Sync="TRUE">4</attwidth><atprecis Sync="TRUE">0</atprecis><attscale Sync="TRUE">0</attscale></attr><attr><attrlabl Sync="TRUE">NEAR_DIST</attrlabl><attalias Sync="TRUE">NEAR_DIST</attalias><attrtype Sync="TRUE">Double</attrtype><attwidth Sync="TRUE">8</attwidth><atprecis Sync="TRUE">0</atprecis><attscale Sync="TRUE">0</attscale></attr><attr><attrlabl Sync="TRUE">Survey</attrlabl><attalias Sync="TRUE">Survey</attalias><attrtype Sync="TRUE">String</attrtype><attwidth Sync="TRUE">50</attwidth><atprecis Sync="TRUE">0</atprecis><attscale Sync="TRUE">0</attscale></attr><attr><attrlabl Sync="TRUE">Latitude</attrlabl><attalias Sync="TRUE">Latitude</attalias><attrtype Sync="TRUE">Double</attrtype><attwidth Sync="TRUE">8</attwidth><atprecis Sync="TRUE">0</atprecis><attscale Sync="TRUE">0</attscale></attr><attr><attrlabl Sync="TRUE">Longitude</attrlabl><attalias Sync="TRUE">Longitude</attalias><attrtype Sync="TRUE">Double</attrtype><attwidth Sync="TRUE">8</attwidth><atprecis Sync="TRUE">0</atprecis><attscale Sync="TRUE">0</attscale></attr><attr><attrlabl Sync="TRUE">Height</attrlabl><attalias Sync="TRUE">Height</attalias><attrtype Sync="TRUE">Double</attrtype><attwidth Sync="TRUE">8</attwidth><atprecis Sync="TRUE">0</atprecis><attscale Sync="TRUE">0</attscale></attr><attr><attrlabl Sync="TRUE">RASTERVALU</attrlabl><attalias Sync="TRUE">RASTERVALU</attalias><attrtype Sync="TRUE">Double</attrtype><attwidth Sync="TRUE">8</attwidth><atprecis Sync="TRUE">0</atprecis><attscale Sync="TRUE">0</attscale></attr><attr><attrlabl Sync="TRUE">Northing</attrlabl><attalias Sync="TRUE">Northing</attalias><attrtype Sync="TRUE">Double</attrtype><attwidth Sync="TRUE">8</attwidth><atprecis Sync="TRUE">0</atprecis><attscale Sync="TRUE">0</attscale></attr><attr><attrlabl Sync="TRUE">Easting</attrlabl><attalias Sync="TRUE">Easting</attalias><attrtype Sync="TRUE">Double</attrtype><attwidth Sync="TRUE">8</attwidth><atprecis Sync="TRUE">0</atprecis><attscale Sync="TRUE">0</attscale></attr><attr><attrlabl Sync="TRUE">Elevation</attrlabl><attalias Sync="TRUE">Elevation</attalias><attrtype Sync="TRUE">Double</attrtype><attwidth Sync="TRUE">8</attwidth><atprecis Sync="TRUE">0</atprecis><attscale Sync="TRUE">0</attscale></attr><attr><attrlabl Sync="TRUE">NOTES</attrlabl><attalias Sync="TRUE">NOTES</attalias><attrtype Sync="TRUE">String</attrtype><attwidth Sync="TRUE">100</attwidth><atprecis Sync="TRUE">0</atprecis><attscale Sync="TRUE">0</attscale></attr><attr><attrlabl Sync="TRUE">BB</attrlabl><attalias Sync="TRUE">BB</attalias><attrtype Sync="TRUE">String</attrtype><attwidth Sync="TRUE">50</attwidth><atprecis Sync="TRUE">0</atprecis><attscale Sync="TRUE">0</attscale></attr></detailed></eainfo><mdDateSt Sync="TRUE">20190422</mdDateSt></metadata>
